{
  "welcomeFile": "/webapp/index.html",
  "routes": [
    {
      "path": "/resources",
      "target": {
        "type": "service",
        "name": "sapui5",
        "entryPath": "/resources",
        "version": "1.44.10"
      },
      "description": "SAPUI5 Resources"
    },
    {
      "path": "/test-resources",
      "target": {
        "type": "service",
        "name": "sapui5",
        "entryPath": "/test-resources",
        "version": "1.44.10"
      },
      "description": "SAPUI5 Test Resources"
    },
    {
      "path": "/ES4",
      "target": {
        "type": "destination",
        "name": "ES4"
      },
      "description": "ES4 Gateway System"
    }      
  ],
  "sendWelcomeFileRedirect": true
}