{
	"CountSuppliers" : "2",
	"Suppliers": [
		{ "id": 0,
		  "name": "Exotic Liquids",
		  "ceo": "Bob Marley",
		  "employees": 15,
		  "revenue": "12378.92",
		  "currency": "GBP",
		  "invoiceDate": "20170101",
		  "telephone": "00442088607856",
		  "address": { "street": "60 Gastein Road",
					   "city": "Hammersmith",
					   "postcode": "W6 8LU"}},	
		{ "id": 1,
		  "name": "Toyko Traders",
		  "ceo": "Jose Mourinho",
		  "employees": 225,
		  "revenue": "890.92",
		  "currency": "GBP",
		  "invoiceDate": "20170202",
		  "telephone": "00447745716001",
		  "address": { "street": "Flat 346 Latymer Court",
					   "city": "Hammersmith",
					   "postcode": "W6 7LH"}}		
	]
}