{
  "welcomeFile": "index.html",
  "routes": [
	{
	  "path": "/resources",
	  "target": {
		"type": "service",
		"name": "sapui5",
		"entryPath": "/resources"
	  },
	  "description": "SAPUI5 Resources"
	},
	{
	  "path": "/test-resources",
	  "target": {
		"type": "service",
		"name": "sapui5",
		"entryPath": "/test-resources"
	  },
	  "description": "SAPUI5 Test Resources"
	},
	{
      "path": "/destinations/northwind",
      "target": {
        "type": "destination",
        "name": "northwind"
      },
      "description": "northwind"
    },
    {
	  "path": "/destinations/mainService",
	  "target": {
		"type": "destination",
		"name": "mainService"
	  },
	  "description": "LearnUI5 Service"
	},
	{
      "path": "/destinations/es4",
      "target": {
        "type": "destination",
        "name": "ES4"
      },
      "description": "es4"
    }
  ]
}