{
  "welcomeFile": "/webapp/index.html",
  "routes": [
    {
      "path": "/resources",
      "target": {
        "type": "service",
        "name": "sapui5",
        "entryPath": "/resources",
        "version": "1.44.10"
      },
      "description": "SAPUI5 Resources"
    },
    {
      "path": "/test-resources",
      "target": {
        "type": "service",
        "name": "sapui5",
        "entryPath": "/test-resources",
        "version": "1.44.10"
      },
      "description": "SAPUI5 Test Resources"
    },
    {
    	"path": "/destinations/Northwind",
    	"target": {
    		"type": "destination",
    		"name": "Northwind"
    	},
    	"description": "Northwind Destination"
    }    
  ],
  "sendWelcomeFileRedirect": true
}