{
    "application": {
        "id": "",
        "title": "com.surian.baseui5SalesOrder.baseui5-worklist-salesorders",
        "description": "Display Sales Orders",
        "type": "SAP_UI5_Component",
        "componentUrl": "/",
        "appUrl": "#SalesOrders-display",
        "navigationComponentName": "com.surian.baseui5SalesOrder",
        "intentSemanticObject": "SalesOrders",
        "intentAction": "display",
        "html5ApplicationName": "salesorders",
        "HCPParentApplicationName": ""
    },
    "assignment": {
        "groups": [
            "00000000-0000-1111-0000-00000000"
        ],
        "contentPackages": [
            "00000000-0000-2222-0000-00000000"
        ],
        "categories": []
    },
    "tile": {
        "type": "StaticTile",
        "title": "Sales Orders",
        "subtitle": "Display my sale orders",
        "searchKeywords": "Sales Orders,Display my sale orders",
        "displayIconUrl": "sap-icon://my-sales-order",
        "displayInfoText": "",
        "size": "1x1",
        "serviceURL": "",
        "refreshInterval": ""
    }
}