[{
	"ProductId": "1",
	"Name": "iPhone 6S Plus 16GB",
	"Category": "Phone",
	"SupplierId": "100000000",
	"SupplierName": "Apple",
	"Description": "The latest, biggest and fastest iPhone",
	"Price": 879,
	"CurrencyCode": "EUR",
	"QuantityPerUnit": 1,
	"QuantityUnit": "EA",
	"Weight": 192,
	"WeightUnit": "MGM",
	"DimensionHeight": 158.2,
	"DimensionWidth": 77.9,
	"DimensionDepth": 7.3,
	"DimensionUnit": "MMT",
	"Color": "Silver"
},
{
	"ProductId": "2",
	"Name": "iPhone 6S 16GB",
	"Category": "Phone",
	"SupplierId": "100000000",
	"SupplierName": "Apple",
	"Description": "The latest and fastest iPhone",
	"Price": 679,
	"CurrencyCode": "EUR",
	"QuantityPerUnit": 1,
	"QuantityUnit": "EA",
	"Weight": 143,
	"WeightUnit": "MGM",
	"DimensionHeight": 138.3,
	"DimensionWidth": 67.1,
	"DimensionDepth": 7.1,
	"DimensionUnit": "MMT",
	"Color": "Space Gray"
},
{
	"ProductId": "3",
	"Name": "iPhone SE 16GB",
	"Category": "Phone",
	"SupplierId": "100000000",
	"SupplierName": "Apple",
	"Description": "The besteller in a new edition",
	"Price": 489,
	"CurrencyCode": "EUR",
	"QuantityPerUnit": 1,
	"QuantityUnit": "EA",
	"Weight": 113,
	"WeightUnit": "MGM",
	"DimensionHeight": 123.8,
	"DimensionWidth": 58.6,
	"DimensionDepth": 7.6,
	"DimensionUnit": "MMT",
	"Color": "Gold"
},
{
	"ProductId": "4",
	"Name": "12.9 iPad Pro Wifi 32GB",
	"Category": "Tablet",
	"SupplierId": "100000000",
	"SupplierName": "Apple",
	"Description": "The biggest and best iPad",
	"Price": 799,
	"CurrencyCode": "USD",
	"QuantityPerUnit": 1,
	"QuantityUnit": "EA",
	"Weight": 713,
	"WeightUnit": "MGM",
	"DimensionHeight": 305.7,
	"DimensionWidth": 220.6,
	"DimensionDepth": 6.9,
	"DimensionUnit": "MMT",
	"Color": "Rose Gold"
},
{
	"ProductId": "5",
	"Name": "9.7 iPad Pro Wifi 32 GB",
	"Category": "Tablet",
	"SupplierId": "100000000",
	"SupplierName": "Apple",
	"Description": "The best iPad",
	"Price": 599,
	"CurrencyCode": "USD",
	"QuantityPerUnit": 1,
	"QuantityUnit": "EA",
	"Weight": 437,
	"WeightUnit": "MGM",
	"DimensionHeight": 240,
	"DimensionWidth": 169.5,
	"DimensionDepth": 6.1,
	"DimensionUnit": "MMT",
	"Color": "Silver"
},
{
	"ProductId": "6",
	"Name": "iPad mini 4 Wifi 16GB",
	"Category": "Tablet",
	"SupplierId": "100000000",
	"SupplierName": "Apple",
	"Description": "The most portable iPad",
	"Price": 399,
	"CurrencyCode": "USD",
	"QuantityPerUnit": 1,
	"QuantityUnit": "EA",
	"Weight": 298.8,
	"WeightUnit": "MGM",
	"DimensionHeight": 203.2,
	"DimensionWidth": 134.8,
	"DimensionDepth": 6.1,
	"DimensionUnit": "MMT",
	"Color": "Space Gray"
},
{
	"ProductId": "7",
	"Name": "Nexus 5X",
	"Category": "Phone",
	"SupplierId": "100000001",
	"SupplierName": "LG",
	"Description": "Small Android phone by Google",
	"Price": 429,
	"CurrencyCode": "USD",
	"QuantityPerUnit": 1,
	"QuantityUnit": "EA",
	"Weight": 136,
	"WeightUnit": "MGM",
	"DimensionHeight": 147,
	"DimensionWidth": 72.6,
	"DimensionDepth": 7.9,
	"DimensionUnit": "MMT",
	"Color": "Mint"
},
{
	"ProductId": "8",
	"Name": "Nexus 6P",
	"Category": "Phone",
	"SupplierId": "100000001",
	"SupplierName": "Huawei",
	"Description": "Small Android phone by Google",
	"Price": 649,
	"CurrencyCode": "USD",
	"QuantityPerUnit": 1,
	"QuantityUnit": "EA",
	"Weight": 178,
	"WeightUnit": "MGM",
	"DimensionHeight": 159.3,
	"DimensionWidth": 77.8,
	"DimensionDepth": 7.3,
	"DimensionUnit": "MMT",
	"Color": "Black"
}
]