{
  "projectType": [
    "sap.watt.uitools.ide.fiori",
    "com.watt.common.builder.sapui5clientbuild"
  ],
  "build": {
    "targetFolder": "dist",
    "sourceFolder": "webapp",
    "excludedFolders": [
      "test"
    ],
    "excludedFiles": [
      "test.html"
    ],
    "buildRequired": false,
    "lastBuildDateTime": "Thu, 27 Apr 2017 19:23:22 GMT"
  },
  "dataBinding": {
    "/webapp/view/App.view.xml": {
      "entitySet": "UNBINDKEY"
    },
    "/webapp/view/NotFound.view.xml": {
      "entitySet": "UNBINDKEY"
    },
    "/webapp/view/ObjectNotFound.view.xml": {
      "entitySet": "UNBINDKEY"
    },
    "/webapp/view/Worklist.view.xml": {
      "entitySet": "Products"
    },
    "/webapp/view/Object.view.xml": {
      "entitySet": "Products"
    }
  },
  "generation": [
    {
      "templateId": "sap.ui.ui5-template-plugin.1worklist",
      "templateVersion": "1.44.6",
      "dateTimeStamp": "Sun, 09 Apr 2017 10:19:45 GMT"
    }
  ],
  "translation": {
    "translationDomain": "",
    "supportedLanguages": "en,fr,de",
    "defaultLanguage": "en",
    "defaultI18NPropertyFile": "i18n.properties",
    "resourceModelName": "i18n"
  },
  "mockpreview": {
    "mockUri": "/Northwind/V2/Northwind/Northwind.svc/",
    "metadataFilePath": "localService/metadata.xml",
    "loadJSONFiles": false,
    "loadCustomRequests": false,
    "mockRequestsFilePath": ""
  },
  "basevalidator": {
    "services": {
      "xml": "fioriXmlAnalysis",
      "js": "fioriJsValidator"
    }
  },
  "codeCheckingTriggers": {
    "notifyBeforePush": true,
    "notifyBeforePushLevel": "Error",
    "blockPush": false,
    "blockPushLevel": "Error"
  },
  "hcpdeploy": {
    "account": "p1942518341trial",
    "name": "products",
    "lastVersionWeTriedToDeploy": "1.0.0"
  }
}