{
    "application": {
        "id": "",
        "title": "com.surian.manageproducts.FioriWorklist",
        "description": "Products Worklist",
        "type": "SAP_UI5_Component",
        "componentUrl": "/",
        "appUrl": "#Products-display",
        "navigationComponentName": "com.surian.manageproducts",
        "intentSemanticObject": "Products",
        "intentAction": "display",
        "html5ApplicationName": "products",
        "HCPParentApplicationName": ""
    },
    "assignment": {
        "groups": [
            "ProductGroup"
        ],
        "contentPackages": [
            "Products"
        ],
        "categories": []
    },
    "tile": {
        "type": "StaticTile",
        "title": "My Products",
        "subtitle": "All Products we sell",
        "searchKeywords": "My Products,All Products we sell",
        "displayIconUrl": "sap-icon://product",
        "displayInfoText": "",
        "size": "1x1",
        "serviceURL": "",
        "refreshInterval": ""
    }
}