{
    "application": {
        "id": "",
        "title": "com.surian.baseui5.baseui5-splitcontrol-businesspartners-done",
        "description": "Display Business Partners",
        "type": "SAP_UI5_Component",
        "componentUrl": "/",
        "appUrl": "#BusinessPartners-display",
        "navigationComponentName": "com.surian.baseui5",
        "intentSemanticObject": "BusinessPartners",
        "intentAction": "display",
        "html5ApplicationName": "businesspartners",
        "HCPParentApplicationName": ""
    },
    "assignment": {
        "groups": [
            "00000000-0000-1111-0000-00000000"
        ],
        "contentPackages": [
            "00000000-0000-2222-0000-00000000"
        ],
        "categories": []
    },
    "tile": {
        "type": "StaticTile",
        "title": "Business Partners",
        "subtitle": "Display My Customers",
        "searchKeywords": "Business Partners,Display My Customers",
        "displayIconUrl": "sap-icon://customer-and-supplier",
        "displayInfoText": "",
        "size": "1x1",
        "serviceURL": "",
        "refreshInterval": ""
    }
}